sl_no,name,release_date,denomination,quantity,printer,stamp_images,fdc_images,brochure_pdf
1,125th Birth Anniversary Year of Netaji Subhas Chandra Bose,23.01.2021,2500p,504000,"Security Printing Press, Hyderabad",https://postagestamps.gov.in/Uploads/stamp_netaji_08022021.jpg,https://postagestamps.gov.in/Uploads/fdc_netaji_08022021.jpg,https://postagestamps.gov.in/..\Pdf\Brochure_Netaji_Hn.pdf
2,50 Years of full Statehood of Himachal Pradesh,25.01.2021,500p,403825,"Security Printing Press, Hyderabad",https://postagestamps.gov.in/Uploads/Stamp_50 Years of Full Statehood of HP.jpg,https://postagestamps.gov.in/Uploads/FDC_50 Years of Full Statehood of HP.jpg,https://postagestamps.gov.in/..\Pdf\50 Years of Full Statehood of HP_broch.pdf
3,The High Court Of Gujarat,06.02.2021,500p,416900,"Security Printing Press, Hyderabad",https://postagestamps.gov.in/Uploads/stamp_Gujrat High Court_diamond_Jubilee.jpg,https://postagestamps.gov.in/Uploads/FDC_Gujrat High Court_diamond_Jubilee.jpg,https://postagestamps.gov.in/..\Pdf\Gujrat HC_broch.pdf
4,100 Years of First Visit of Mahatma Gandhi to Odisha,23.03.2021,500p,504000,"Security Printing Press, Hyderabad",https://postagestamps.gov.in/Uploads/STMP_odisha.jpg,https://postagestamps.gov.in/Uploads/FDC_odisha.jpg,https://postagestamps.gov.in/..\Pdf\Brochure_front.pdf
5,Golden Jubilee Year of India Bangladesh Friendship,27.03.2021,500p,504000,"Security Printing Press, Hyderabad",https://postagestamps.gov.in/Uploads/High_Res_Stamp.jpg,https://postagestamps.gov.in/Uploads/High_Res_FDC.jpg,https://postagestamps.gov.in/..\Pdf\High_Res.pdf
6,Rajyogini Dadi Janki,12.04.2021,500p,804450,"Security Printing Press, Hyderabad",https://postagestamps.gov.in/Uploads/Janki.jpeg,https://postagestamps.gov.in/Uploads/Janki_stamp.jpeg,https://postagestamps.gov.in/..\Pdf\HEng_High_Res_Dadi_Janki.pdf
7,70 Years of Diplomatic relations between India and Germany,10.06.2021,500p,352400,"Security Printing Press, Hyderabad",https://postagestamps.gov.in/Uploads/stamp_india_germany.jpg,https://postagestamps.gov.in/Uploads/india_germany_cancelled_fdc.jpg,https://postagestamps.gov.in/..\Pdf\70_years_india_germany.pdf
8,"Golden Jubilee Year -  Gayatri Teerth, Shantikunj",20.06.2021,500p,402525,"Security Printing Press, Hyderabad",https://postagestamps.gov.in/Uploads/gayatri_teerth_shantikunj_stamp.jpg,https://postagestamps.gov.in/Uploads/FDC_Gayatri_Teerth_Shantikunj.jpg,https://postagestamps.gov.in/..\Pdf\brochure_gayatri_teerth_shantikunj.pdf
9,Ma. CHAMAN LAL,07.08.2021,500p,172230,"Security Printing Press, Hyderabad",https://postagestamps.gov.in/Uploads/stamp_chaman_lal.jpg,https://postagestamps.gov.in/Uploads/fdc_chaman_lal.jpg,https://postagestamps.gov.in/..\Pdf\brochure_chaman_lal.pdf
10,Rao Jaimal Rathore,17.09.2021,500p,201600,"Security Printing Press, Hyderabad",https://postagestamps.gov.in/Uploads/RAOJaimal.jpg,https://postagestamps.gov.in/Uploads/fdc_RAOJaimal.jpg,https://postagestamps.gov.in/..\Pdf\Brochure_RAO.pdf
11,"Solapur martyrs:  ""Mallappa Dhanshetti, Shrikisan Sarada, Jagannath Shinde and Abdul Rasul Kurban Hussain""",02.10.2021,500p,302400,"Security Printing Press, Hyderabad",https://postagestamps.gov.in/Uploads/solapur_martyrs.jpg,https://postagestamps.gov.in/Uploads/solapur_martyrs_FDC.jpg,https://postagestamps.gov.in/..\Pdf\solapur_martyrs_Brochure.pdf
12,DECCAN COLLEGE BICENTENARY,06.10.2021,500p,307157,"Security Printing Press, Hyderabad",https://postagestamps.gov.in/Uploads/DECCAN_COLLEGE_BICENTENARY_Stamp.jpg,https://postagestamps.gov.in/Uploads/DECCAN_COLLEGE_BICENTENARY_FDC.jpg,https://postagestamps.gov.in/..\Pdf\DECCAN_COLLEGE_BICENTENARY_Brochure.pdf
13,DATTOPANT THENGADI,10.11.2021,500p,201600,"Security Printing Press, Hyderabad",https://postagestamps.gov.in/Uploads/dattopant_thengadi_stamp.jpg,https://postagestamps.gov.in/Uploads/dattopant_thengadi_fdc.jpg,https://postagestamps.gov.in/..\Pdf\dattopant_thengadi_Brochure.pdf
14,"S.C.B. MEDICAL COLLEGE & HOSPITAL, CUTTACK",27.11.2021,500p,302980,"Security Printing Press, Hyderabad",https://postagestamps.gov.in/Uploads/SCB_Medical_College_Stamp.jpg,https://postagestamps.gov.in/Uploads/SCB_Medical_College_FDC.jpg,https://postagestamps.gov.in/..\Pdf\SCB_Medical_College_Brochure.pdf
15,75 Years of Mahindra Group,01.12.2021,1200p,302600,"Security Printing Press, Hyderabad",https://postagestamps.gov.in/Uploads/75_Years_Mahindra_Group_Stamp.jpg,https://postagestamps.gov.in/Uploads/75_Years_Mahindra_Group_FDC.jpg,https://postagestamps.gov.in/..\Pdf\75_Years_Mahindra_Group_Brochure.pdf
16,SWARNIM VIJAY VARSH,16.12.2021,500p,302400,"Security Printing Press, Hyderabad",https://postagestamps.gov.in/Uploads/SWARNIM_VIJAY_VARSH_Stamp.jpg,https://postagestamps.gov.in/Uploads/SWARNIM_VIJAY_VARSH_FDC.jpg,https://postagestamps.gov.in/..\Pdf\SWARNIM_VIJAY_VARSH_Brochure.pdf
1,PERMANENT COMMISSION TO WOMEN OFFICERS IN INDIAN ARMY,15.01.2022,"1000p,1500p",202450,"Security Printing Press, Hyderabad",https://postagestamps.gov.in/Uploads/PCWOIA Stamp.jpg,https://postagestamps.gov.in/Uploads/PCWOIA FDC.jpg,https://postagestamps.gov.in/..\Pdf\PCWOIA Brochure.pdf
2,Department of Health Research,16.01.2022,500p,301920,"Security Printing Press, Hyderabad",https://postagestamps.gov.in/Uploads/ICMR Stamp.jpg,https://postagestamps.gov.in/Uploads/ICMR FDC.jpg,https://postagestamps.gov.in/..\Pdf\ICMR Brochure.pdf
3,50 years of full statehood of Manipur,21.01.2022,500p,305100,"Security Printing Press, Hyderabad",https://postagestamps.gov.in/Uploads/Stamp Manipur.jpg,https://postagestamps.gov.in/Uploads/FDC Manipur.jpg,https://postagestamps.gov.in/..\Pdf\Brochure Manipur.pdf
4,50 years of full statehood of Meghalaya,21.01.2022,500p,305100,"Security Printing Press, Hyderabad",https://postagestamps.gov.in/Uploads/Stamp Meghalaya.jpg,https://postagestamps.gov.in/Uploads/FDC Meghalaya.jpg,https://postagestamps.gov.in/..\Pdf\Brochure Meghalaya.pdf
5,50 years of full statehood of Tripura,21.01.2022,500p,305100,"Security Printing Press, Hyderabad",https://postagestamps.gov.in/Uploads/Stamp Tripura.jpg,https://postagestamps.gov.in/Uploads/FDC Tripura.jpg,https://postagestamps.gov.in/..\Pdf\Brochure Tripura.pdf
6,50th Anniversary of ICRISAT,05.02.2022,500p,309500,"Security Printing Press, Hyderabad",https://postagestamps.gov.in/Uploads/ICRISAT Stamp.jpg,https://postagestamps.gov.in/Uploads/ICRISAT FDC.jpg,https://postagestamps.gov.in/..\Pdf\ICRISAT Brochure.pdf
7,Delhi Police – Platinum Jubilee,16.02.2022,500p,500000,"Security Printing Press, Hyderabad",https://postagestamps.gov.in/Uploads/Delhi Police Stamp.jpg,https://postagestamps.gov.in/Uploads/Delhi Police FDC.jpg,https://postagestamps.gov.in/..\Pdf\Delhi Police Brochure.pdf
8,Joint celebrations of the year of 50th Anniversary of UAE's formation and the 75th Anniversary of the Independence of India,18.02.2022,2500p,302400,"Security Printing Press, Hyderabad",https://postagestamps.gov.in/Uploads/India UAE Stamp.jpg,https://postagestamps.gov.in/Uploads/India UAE FDC.jpg,
9,50 Years of Arunachal Pradesh,20.02.2022,500p,404225,"Security Printing Press, Hyderabad",https://postagestamps.gov.in/Uploads/Ar Stamp.jpg,https://postagestamps.gov.in/Uploads/Ar FDC.jpg,https://postagestamps.gov.in/..\Pdf\Ar Brochure.pdf
10,President Fleet Review 2022 visakhapatnam,21.02.2022,500p,302250,"Security Printing Press, Hyderabad",https://postagestamps.gov.in/Uploads/VSKP Stamp.jpg,https://postagestamps.gov.in/Uploads/VSKP FDC.jpg,https://postagestamps.gov.in/..\Pdf\VSKP Brochure.pdf
11,"RASHTRIYA INDIAN MILITARY COLLEGE, DEHRADUN",13.03.2022,500p,402945,"Security Printing Press, Hyderabad",https://postagestamps.gov.in/Uploads/RIMC Stamp.jpg,https://postagestamps.gov.in/Uploads/RIMC FDC.jpg,https://postagestamps.gov.in/..\Pdf\RIMC Brochure.pdf
12,36th  INTERNATIONAL GEOLOGICAL CONGRESS,20.03.2022,"500p,1000p",311100,"Security Printing Press, Hyderabad",https://postagestamps.gov.in/Uploads/IGC Stamp.jpg,https://postagestamps.gov.in/Uploads/IGC FDC.jpg,https://postagestamps.gov.in/..\Pdf\IGC Brochure.pdf
13,India and Turkmenistan - 30 Years of Partnership,03.04.2022,2500p,201600,"Security Printing Press, Hyderabad",https://postagestamps.gov.in/Uploads/Ind_Turk Stamp.jpg,https://postagestamps.gov.in/Uploads/Ind_Turk FDC.jpg,https://postagestamps.gov.in/..\Pdf\Ind_Turk Brochure.pdf
14,PANDURANG  VAMAN KANE,18.04.2022,500p,302200,"Security Printing Press, Hyderabad",https://postagestamps.gov.in/Uploads/PVK Stamp.jpg,https://postagestamps.gov.in/Uploads/PVK FDC.jpg,https://postagestamps.gov.in/..\Pdf\PVK Brochure.pdf
15,Prakash GuruParab Sri Guru Tegh Bahadur Sahib Ji,21.04.2022,2500p,504000,"Security Printing Press, Hyderabad",https://postagestamps.gov.in/Uploads/GTBS Stamp.jpg,https://postagestamps.gov.in/Uploads/GTBS FDC.jpg,https://postagestamps.gov.in/..\Pdf\GTBS Brochure.pdf
16,UNIVERSITY OF DELHI CENTENARY YEAR,01.05.2022,1000p,674000,"Security Printing Press, Hyderabad",https://postagestamps.gov.in/Uploads/UOD Stamp.jpg,https://postagestamps.gov.in/Uploads/UOD FDC.jpg,https://postagestamps.gov.in/..\Pdf\UOD Brochure.pdf
17,MUMBAI SAMACHAR,14.06.2022,500p,301600,"Security Printing Press, Hyderabad",https://postagestamps.gov.in/Uploads/MS Stamp.jpg,https://postagestamps.gov.in/Uploads/MS FDC.jpg,https://postagestamps.gov.in/..\Pdf\MS Brochure.pdf
24,Sawai Gandharva,11.10.2022,500p,212350,"Security Printing Press, Hyderabad",https://postagestamps.gov.in/Uploads/STAMP_Sawai_Gandharwa.jpeg,https://postagestamps.gov.in/Uploads/FDC_Sawai_Gandharwa.jpg,https://postagestamps.gov.in/..\Pdf\BROCHURE_Sawai_Gandharwa.pdf
25,Golden Jubilee of Pincode,12.10.2022,500p,201600,"Security Printing Press, Hyderabad",https://postagestamps.gov.in/Uploads/STAMP_GOLDEN_JUB_PINCODE.jpg,https://postagestamps.gov.in/Uploads/FDC_GOLDEN_JUB_PINCODE.jpg,https://postagestamps.gov.in/..\Pdf\BROCHURE_GOLDEN_JUB_PINCODE.pdf
26,90th General Assembly of INTERPOL,18.10.2022,500p,305100,"Security Printing Press, Hyderabad",https://postagestamps.gov.in/Uploads/INTERPOL_STAMP.jpg,https://postagestamps.gov.in/Uploads/INTERPOL_FDC.jpg,https://postagestamps.gov.in/..\Pdf\INTERPOL_BROCHURE.pdf
27,150th Birth Anniversary of Vijay Vallabh Surishwer,26.10.2022,500p,451600,"Security Printing Press, Hyderabad",https://postagestamps.gov.in/Uploads/Vijay_Vallabh_Suri_STAMP.jpg,https://postagestamps.gov.in/Uploads/Vijay_Vallabh_Suri_FDC.jpeg,https://postagestamps.gov.in/..\Pdf\Vijay_Vallabh_Suri_BROCHURE.pdf
28,Platinum Jubilee Assam Medical College,03.11.2022,500p,211600,"Security Printing Press, Hyderabad",https://postagestamps.gov.in/Uploads/Assam_Medical_College_2022_STAMP.jpg,https://postagestamps.gov.in/Uploads/Assam_Medical_College_2022_FDC.jpeg,https://postagestamps.gov.in/..\Pdf\Assam_Medical_College_2022_Brochure.pdf
29,175 Years of IIT Roorkee,25.11.2022,500p,303200,"Security Printing Press, Hyderabad",https://postagestamps.gov.in/Uploads/IIT_ROORKEE_STAMP.jpg,https://postagestamps.gov.in/Uploads/IIT_ROORKEE_FDC.jpg,https://postagestamps.gov.in/..\Pdf\IIT_ROORKEE_BROCHURE.pdf
30,Pa Togan Nengminza Sangma,12.12.2022,500p,304000,"Security Printing Press, Hyderabad",https://postagestamps.gov.in/Uploads/Pa_Togan_Nengminza_Sangma_STAMP.jpg,https://postagestamps.gov.in/Uploads/Pa_Togan_Nengminza_Sangma_FDC.jpg,https://postagestamps.gov.in/..\Pdf\Pa_Togan_Nengminza_Sangma_BROCHURE.pdf
31,150th Birth Anniversary of Sri Aurobindo,13.12.2022,15000p,304000,"Security Printing Press, Hyderabad",https://postagestamps.gov.in/Uploads/Aurobindo_2022_STAMP.jpg,https://postagestamps.gov.in/Uploads/Aurobindo_2022_FDC.jpg,https://postagestamps.gov.in/..\Pdf\Aurobindo_2022_BROCHURE.pdf
32,125 Years Sardar School Jodhpur,13.12.2022,500p,303600,"Security Printing Press, Hyderabad",https://postagestamps.gov.in/Uploads/125_Years_Sardar_School_ Jodhpur_STAMP.jpg,https://postagestamps.gov.in/Uploads/125_Years_Sardar_School_ Jodhpur_FDC.jpg,https://postagestamps.gov.in/..\Pdf\125_Years_Sardar_School_ Jodhpur_BROCHURE.pdf
33,Visamanbapu,31.12.2022,500p,201600,"Security Printing Press, Hyderabad",https://postagestamps.gov.in/Uploads/Visamanbapu_STAMP.jpeg,https://postagestamps.gov.in/Uploads/Visamanbapu_FDC.jpg,https://postagestamps.gov.in/..\Pdf\Visamanbapu_BROCHURE.pdf
1,Surakshit Jayen Prashishit Jayen,09.01.2023,500p,266600,"Security Printing Press, Hyderabad",https://postagestamps.gov.in/Uploads/2023\Surakshit_Jayen_Prashishit_Jayen_STAMP.jpg,https://postagestamps.gov.in/Uploads/2023\Surakshit_Jayen_Prashishit_Jayen_FDC.jpg,https://postagestamps.gov.in/..\Pdf\2023\Surakshit_Jayen_Prashishit_Jayen_BROCHURE.pdf
2,Major Durga Mall,23.01.2023,500p,302850,"Security Printing Press, Hyderabad",https://postagestamps.gov.in/Uploads/2023\Major_Durga_Mall_STAMP.jpg,https://postagestamps.gov.in/Uploads/2023\Major_Durga_Mall_FDC.jpg,https://postagestamps.gov.in/..\Pdf\2023\Major_Durga_Mall_BROCHURE.pdf
3,75th  Year of Establishment of Diplomatic Relation between India - Egypt,25.01.2023,500 p (2)Rs. 30 for Souvenir Sheet,1.11 lakh,"Security Printing Press, Hyderabad",https://postagestamps.gov.in/Uploads/2023\75th_ Diplomatic_India_Egypt_Stamp.jpg,https://postagestamps.gov.in/Uploads/2023\75th_ Diplomatic_India_Egypt_Canceled FDC_Egypt.jpg,https://postagestamps.gov.in/..\Pdf\2023\75th_ Diplomatic_India_Egypt_brochure.pdf
4,150th Birth Anniversary of Ram Chandra Maharaj,02.02.2022,1500p,327600,"Security Printing Press, Hyderabad",https://postagestamps.gov.in/Uploads/2023\Ramchandra_Maharaja_STAMP.jpg,https://postagestamps.gov.in/Uploads/2023\Ramchandra_Maharaja_FDC.jpeg,https://postagestamps.gov.in/..\Pdf\2023\Ramchandra_Maharaja_BROCHURE.pdf
5,General K. S. Thimayya,04.02.2023,500p,302005,"Security Printing Press, Hyderabad",https://postagestamps.gov.in/Uploads/2023\General_K_S_Thimayya_STAMP.jpg,https://postagestamps.gov.in/Uploads/2023\General_K_S_Thimayya_FDC.jpg,https://postagestamps.gov.in/..\Pdf\2023\General_K_S_Thimayya_BROCHURE.pdf
6,Azadi Ka Amrit Mahotsav,11.02.2023,500p (2),201600,"Security Printing Press, Hyderabad",https://postagestamps.gov.in/Uploads/2023\Amrit Mahotsav Stamp.jpg,https://postagestamps.gov.in/Uploads/2023\Amrit Mahotsav FDC.jpg,https://postagestamps.gov.in/..\Pdf\2023\Amrit Mahotsav Brochure.pdf
7,Bridal Costumes of India,12.02.2023,2500p(8),111000,"Security Printing Press, Hyderabad",https://postagestamps.gov.in/Uploads/2023\Bridal_Costume_STAMP1.jpg,https://postagestamps.gov.in/Uploads/2023\Bridal_Costume_FDC.jpg,https://postagestamps.gov.in/..\Pdf\2023\Bridal_Costume_BROCHURE.pdf
8,Geographical Indications: Agricultural Goods,13.02.2023,500p(12),111000,"Security Printing Press, Hyderabad",https://postagestamps.gov.in/Uploads/2023\Geographical_Indications_Agricultural_Goods_STAMP.jpg,https://postagestamps.gov.in/Uploads/2023\Geographical_Indications_Agricultural_Goods_FDC.jpg,https://postagestamps.gov.in/..\Pdf\2023\Geographical_Indications_Agricultural_Goods_BROCHURE.pdf
9,Rao Birender Singh,20.02.2023,500p,301805,"Security Printing Press, Hyderabad",https://postagestamps.gov.in/Uploads/2023\RAO_BIRENDER_SINGH_STAMP.jpg,https://postagestamps.gov.in/Uploads/2023\RAO_BIRENDER_SINGH_FDC.jpg,https://postagestamps.gov.in/..\Pdf\2023\RAO_BIRENDER_SINGH_BROCHURE.pdf
10,225 Glorious Years 2nd Battalion The Parachute Regiment (Special Forces),24.02.2023,500p,301850,"Security Printing Press, Hyderabad",https://postagestamps.gov.in/Uploads/2023\225_Glorious_ Years_STAMP.jpg,https://postagestamps.gov.in/Uploads/2023\225_Glorious_ Years_FDC.jpg,https://postagestamps.gov.in/..\Pdf\2023\225_Glorious_ Years_BROCHURE.pdf
11,75 Years of 1 Central Base Post Office,01.03.2023,500p,202000,"Security Printing Press, Hyderabad",https://postagestamps.gov.in/Uploads/2023\1CBPO-Stamp.jpg,https://postagestamps.gov.in/Uploads/2023\1CBPO-FDC.jpg,https://postagestamps.gov.in/..\Pdf\2023\1CBPO-Brouchure.pdf
12,75 Years of India – Luxembourg Friendship,14.03.2023,"2500 p, 2500p",116000,"Security Printing Press, Hyderabad",https://postagestamps.gov.in/Uploads/2023\75_Years_of_India_Luxembourg_Friendship_Souvenir_Sheet.png,https://postagestamps.gov.in/Uploads/2023\75_Years_of_India_Luxembourg_Friendship_FDC.png,https://postagestamps.gov.in/..\Pdf\2023\75_Years_of_India_Luxembourg_Friendship_Brochure.pdf
13,International Year of Millets (Shree Anna),18.03.2023,500p,303700,"Security Printing Press, Hyderabad",https://postagestamps.gov.in/Uploads/2023\International_Year_of_Millets_STAMP.jpg,https://postagestamps.gov.in/Uploads/2023\International_Year_of_Millets_FDC.jpg,https://postagestamps.gov.in/..\Pdf\2023\International_Year_of_Millets_BROCHURE.pdf
14,Parshuram,19.03.2023,500 p,201600,"Security Printing Press, Hyderabad",https://postagestamps.gov.in/Uploads/2023\Parshuram_Stamp.jpg,https://postagestamps.gov.in/Uploads/2023\Parshuram_FDC_Cancelled.jpg,https://postagestamps.gov.in/..\Pdf\2023\Parshuram_Brochure.pdf
15,Legends of Odisha,30.03.2023,5000p,110000,"Security Printing Press, Hyderabad",https://postagestamps.gov.in/Uploads/2023\Legends_of_Odisha_STAMP.jpg,https://postagestamps.gov.in/Uploads/2023\Legends_of_Odisha_FDC.jpg,https://postagestamps.gov.in/..\Pdf\2023\Legends_of_Odisha_BROCHURE.pdf
16,Diamond Jubilee of CBI,03.04.2023,500 p,301700,"Security Printing Press, Hyderabad",https://postagestamps.gov.in/Uploads/2023\Diamond Jubilee of CBI STAMP.jpg,https://postagestamps.gov.in/Uploads/2023\Diamond Jubilee of CBI FDC.jpg,https://postagestamps.gov.in/..\Pdf\2023\Diamond Jubilee of CBI Brochure.pdf
17,GauhatiHigh Court,05.04.2023,500p,303600,"Security Printing Press, Hyderabad",https://postagestamps.gov.in/Uploads/2023\Gauhati_High_Court_STAMP.jpg,https://postagestamps.gov.in/Uploads/2023\Gauhati_High_Court_FDC.jpeg,https://postagestamps.gov.in/..\Pdf\2023\Gauhati_High_Court_BROCHURE.pdf
18,Dayanand Saraswati,07.04.2023,500p,201600,"Security Printing Press, Hyderabad",https://postagestamps.gov.in/Uploads/2023\Dayanand Saraswati STAMP.jpg,https://postagestamps.gov.in/Uploads/2023\Dayanand Saraswati FDC.jpg,https://postagestamps.gov.in/..\Pdf\2023\Dayanand Saraswati BROCHURE.pdf
19,75th Year of Indian Army Day,19.04.2023,500p,302005,"Security Printing Press, Hyderabad",https://postagestamps.gov.in/Uploads/2023\75th_Year_of_Indian_Army_Day_Stamp.jpg,https://postagestamps.gov.in/Uploads/2023\75th_Year_of_Indian_Army_Day_Stamp_Cancelled_FDC.jpg,https://postagestamps.gov.in/..\Pdf\2023\75th_Year_of_Indian_Army_Day_Stamp_Brochure.pdf
20,Mann Ki Baat,26.04.2023,500p,302400,"Security Printing Press, Hyderabad",https://postagestamps.gov.in/Uploads/2023\Mann_Ki_Baat_stamp.jpg,https://postagestamps.gov.in/Uploads/2023\Mann_Ki_Baat_fdc_final_18_04.jpg,https://postagestamps.gov.in/..\Pdf\2023\Mann_Ki_Baat_Brochure.pdf
21,250th Birth Anniversary of Raja Ram Mohan Roy,22.05.2023,500p,201600,"Security Printing Press, Hyderabad",https://postagestamps.gov.in/Uploads/2023\Raja_Ram_Mohan_Roy_Stamp.jpg,https://postagestamps.gov.in/Uploads/2023\Raja_Ram_Mohan_Roy_FDC.jpg,https://postagestamps.gov.in/..\Pdf\2023\Raja_Ram_Mohan_Roy_Brochure.pdf
22,Parliament Complex,28.05.2023,7500p,209600,"Security Printing Press, Hyderabad",https://postagestamps.gov.in/Uploads/2023\Parliament_Complex_Stamp.jpg,https://postagestamps.gov.in/Uploads/2023\Parliament_Complex_FDC.jpg,https://postagestamps.gov.in/..\Pdf\2023\Parliament_Complex_Brochure.pdf
23,SCO Council of Heads of State,15.06.2023,500p,203100,"Security Printing Press, Hyderabad",https://postagestamps.gov.in/Uploads/2023\SCO_Stamp.jpg,https://postagestamps.gov.in/Uploads/2023\SCO_FDC.jpg,https://postagestamps.gov.in/..\Pdf\2023\SCO_BROCHURE.pdf
24,"Raj Bhavan, Uttar Pradesh",20.06.2023,500p,301800,"Security Printing Press, Hyderabad",https://postagestamps.gov.in/Uploads/2023\UP-RajBhwaan_Stamp.jpg,https://postagestamps.gov.in/Uploads/2023\UP-RajBhwaan_FDC.jpg,https://postagestamps.gov.in/..\Pdf\2023\UP-RajBhwaan_Brochure.pdf
25,Sardar Antaji Mankeshwar Gandhe,04.07.2023,500p,301900,"Security Printing Press, Hyderabad",https://postagestamps.gov.in/Uploads/2023\Gandhe_STAMP.jpg,https://postagestamps.gov.in/Uploads/2023\Gandhe_FDC.jpg,https://postagestamps.gov.in/..\Pdf\2023\Gandhe_BROCHURE.pdf
26,"G20 Leaders' Summit, New Delhi 2023",26.07.2023,2000p (2) Rs. 40 for Souvenir Sheet,211000,"Security Printing Press, Hyderabad",https://postagestamps.gov.in/Uploads/2023\G20_STAMP.jpg,https://postagestamps.gov.in/Uploads/2023\G20_FDC.jpg,https://postagestamps.gov.in/..\Pdf\2023\G20_BROCHURE.pdf
27,High Court of Orissa,26.07.2023,500p,301800,"Security Printing Press, Hyderabad",https://postagestamps.gov.in/Uploads/2023\High_Court_Orissa_2023_STAMP.jpg,https://postagestamps.gov.in/Uploads/2023\High_Court_Orissa_2023_FDC.jpg,https://postagestamps.gov.in/..\Pdf\2023\High_Court_Orissa_2023_BROCHURE.pdf
28,Dada J P Vaswani,12.09.2023,500p,377100,"Security Printing Press, Hyderabad",https://postagestamps.gov.in/Uploads/2023\Dada_JP_Vaswani_STAMP.jpg,https://postagestamps.gov.in/Uploads/2023\Dada_JP_Vaswani_FDC.jpg,https://postagestamps.gov.in/..\Pdf\2023\Dada_JP_Vaswani_BROCHURE.pdf
29,500th Birth Anniversary of Rani Durgavati,05.10.2023,500p,201600,"Security Printing Press, Hyderabad",https://postagestamps.gov.in/Uploads/2023\500th_Birthday_Rani_Durgavati_STAMP.jpg,https://postagestamps.gov.in/Uploads/2023\500th_Birthday_Rani_Durgavati_FDC.jpg,https://postagestamps.gov.in/..\Pdf\2023\500th_Birthday_Rani_Durgavati_BROCHURE.pdf
30,Hemachandra Vikramaditya,07.10.2023,500p,201600,"Security Printing Press, Hyderabad",https://postagestamps.gov.in/Uploads/2023\Hemachandra_Vikramaditya_STAMP.jpg,https://postagestamps.gov.in/Uploads/2023\Hemachandra_Vikramaditya_FDC.jpg,https://postagestamps.gov.in/..\Pdf\2023\Hemachandra_Vikramaditya_Brochure.pdf
31,50 years of establishment of Diplomatic Relations between India and Vietnam,16.10.2023,2500p & 500p,112000,"Security Printing Press, Hyderabad",https://postagestamps.gov.in/Uploads/2023\50 years of establishment of Diplomatic Relations between India and Vietnam STAMP.jpg,https://postagestamps.gov.in/Uploads/2023\50 years of establishment of Diplomatic Relations between India and Vietnam FDC.jpg,https://postagestamps.gov.in/..\Pdf\2023\50 years of establishment of Diplomatic Relations between India and Vietnam Brochure.pdf
32,125th anniversary of the Scindia School,21.10.2023,500 p (1)Rs. 20 for Souvenir Sheet,215300,"Security Printing Press, Hyderabad",https://postagestamps.gov.in/Uploads/2023\125th anniversary of the Scindia School_STAMP.jpg,https://postagestamps.gov.in/Uploads/2023\125th anniversary of the Scindia School_FDC.jpg,https://postagestamps.gov.in/..\Pdf\2023\125th anniversary of the Scindia School_Brochure.pdf
33,Arvind N. Mafatlal,27.10.2023,2000 p,301600,"Security Printing Press, Hyderabad",https://postagestamps.gov.in/Uploads/2023\Arvind N. Mafatlal_STAMP.jpg,https://postagestamps.gov.in/Uploads/2023\Arvind N. Mafatlal_FDC.jpg,https://postagestamps.gov.in/..\Pdf\2023\Arvind N. Mafatlal_BROCHURE.pdf
34,75th Anniversary of Diplomatic Relations between India and Mauritius,02.11.2023,2500 p,111000,"Security Printing Press, Hyderabad",https://postagestamps.gov.in/Uploads/2023\Diplomatic Relations between India and Mauritius_STAMP.jpg,https://postagestamps.gov.in/Uploads/2023\Diplomatic Relations between India and Mauritius_FDC.jpg,https://postagestamps.gov.in/..\Pdf\2023\Diplomatic Relations between India and Mauritius_BROCHURE.pdf
35,Platinum Jubilee (1948-2023) Raman Research Institute,07.11.2023,500 p,316600,"Security Printing Press, Hyderabad",https://postagestamps.gov.in/Uploads/2023\Raman Research Institute_STAMP.jpg,https://postagestamps.gov.in/Uploads/2023\Raman Research Institute_FDC.jpg,https://postagestamps.gov.in/..\Pdf\2023\Raman Research Institute_Brochure.pdf
36,525th Birth Anniversary of Meera Bai,23.11.2023,500 p,201600,"Security Printing Press, Hyderabad",https://postagestamps.gov.in/Uploads/2023\Meera_Bai_Stamp.jpg,https://postagestamps.gov.in/Uploads/2023\Meera_Bai_FDC.jpg,https://postagestamps.gov.in/..\Pdf\2023\Meera_Bai_Brochure.pdf
37,75 Glorious Years of National Defence Academy,30.11.2023,500 p,302100,"Security Printing Press, Hyderabad",https://postagestamps.gov.in/Uploads/2023\75 Glorious Years of National Defence Academy_STAMP.jpg,https://postagestamps.gov.in/Uploads/2023\75 Glorious Years of National Defence Academy_Canceled_FDC.jpg,https://postagestamps.gov.in/..\Pdf\2023\75 Glorious Years of National Defence Academy_Brochure.pdf
38,125 Years of Hindu College,05.12.2023,500 p,302200,"Security Printing Press, Hyderabad",https://postagestamps.gov.in/Uploads/2023\125 Years of Hindu College_Stamp.jpg,https://postagestamps.gov.in/Uploads/2023\125 Years of Hindu College_canceled_FDC.jpg,https://postagestamps.gov.in/..\Pdf\2023\125 Years of Hindu College_Brochure.pdf
39,India Art Architecture Design Biennale 2023,08.12.2023,500p,301600,"Security Printing Press, Hyderabad",https://postagestamps.gov.in/Uploads/2023\India Art Architecture Design Biennale 2023_Stamp.jpg,https://postagestamps.gov.in/Uploads/2023\India Art Architecture Design Biennale 2023_FDC.jpg,https://postagestamps.gov.in/..\Pdf\2023\India Art Architecture Design Biennale 2023_Brochure.pdf
40,Celebrating India and Oman's Friendship,15.12.2023,2500p (2) Rs. 50 for Souvenir Sheet,111500,"Security Printing Press, Hyderabad",https://postagestamps.gov.in/Uploads/2023\Celebrating India and Oman Friendship_Stamp.jpg,https://postagestamps.gov.in/Uploads/2023\Celebrating India and Oman Friendship_FDC.jpg,https://postagestamps.gov.in/..\Pdf\2023\Celebrating India and Oman's Friendship_Brochure.pdf
41,Rani Abbakka Devi,15.12.2023,500p,303200,"Security Printing Press, Hyderabad",https://postagestamps.gov.in/Uploads/2023\Rani Abbakka Devi_Stamp.jpg,https://postagestamps.gov.in/Uploads/2023\Rani Abbakka Devi_FDC.jpg,https://postagestamps.gov.in/..\Pdf\2023\Rani Abbakka Devi_Brochure.pdf
42,Acharya Sushil Kumar,24.12.2023,500p,421220,"Security Printing Press, Hyderabad",https://postagestamps.gov.in/Uploads/2023\Acharya Sushil Kumar_Stamp.jpg,https://postagestamps.gov.in/Uploads/2023\Acharya Sushil Kumar_FDC.jpg,https://postagestamps.gov.in/..\Pdf\2023\Acharya Sushil Kumar_Brochure.pdf
43,Khartargachha Millennium,26.12.2023,500p,303900,"Security Printing Press, Hyderabad",https://postagestamps.gov.in/Uploads/2023\Khartargachha Millennium_Stamp.jpg,https://postagestamps.gov.in/Uploads/2023\Khartargachha Millennium_FDC.jpg,https://postagestamps.gov.in/..\Pdf\2023\Khartargachha Millennium_brochure.pdf
44,50 Years Pandit Jasraj Pt. Motiram Pt. Maniram Sangeet Samaroha,27.12.2023,500p,207300,"Security Printing Press, Hyderabad",https://postagestamps.gov.in/Uploads/2023\50 Years Pandit Jasraj Pt. Motiram Pt. Maniram Sangeet Samaroha_Stamp.jpg,https://postagestamps.gov.in/Uploads/2023\50 Years Pandit Jasraj Pt. Motiram Pt. Maniram Sangeet Samaroha_FDC.jpg,https://postagestamps.gov.in/..\Pdf\2023\50 Years Pandit Jasraj Pt. Motiram Pt. Maniram Sangeet Samaroha_Brochure.pdf
46,Diamond Jubilee of Sashastra Seema Bal,29.12.2023,500p,307100,"Security Printing Press, Hyderabad",https://postagestamps.gov.in/Uploads/2023\Diamond Jubilee of Sashastra Seema Bal_Stamp.jpg,https://postagestamps.gov.in/Uploads/2023\Diamond Jubilee of Sashastra Seema Bal_FDC.jpg,https://postagestamps.gov.in/..\Pdf\2023\Diamond Jubilee of Sashastra Seema Bal_brochure.pdf
47,200 Years of Indian Origin Tamils in Sri Lanka,30.12.2023,500p,301850,"Security Printing Press, Hyderabad",https://postagestamps.gov.in/Uploads/2023\200 Years of Indian Origin Tamils in Sri Lanka_Stamp.jpg,https://postagestamps.gov.in/Uploads/2023\200 Years of Indian Origin Tamils in Sri Lanka_FDC.jpg,https://postagestamps.gov.in/..\Pdf\2023\200 Years of Indian Origin Tamils in Sri Lanka_Brochure.pdf
1,Shri Ram Janmbhoomi Temple,18.01.2024,500 p(6),"10,00,000","Security Printing Press, Hyderabad",https://postagestamps.gov.in/Uploads/2024\Shri Ram Janmbhoomi Temple.jpg,https://postagestamps.gov.in/Uploads/2024\Shri Ram Janmbhoomi Temple_FDC.jpg,https://postagestamps.gov.in/..\Pdf\2024\Shri Ram Janmbhoomi Temple_Brochure.pdf
2,100th Birth Anniversary of Karpoori Thakur,24.01.2024,500 p,"2,01,600","Security Printing Press, Hyderabad",https://postagestamps.gov.in/Uploads/2024\KARPOORI THAKUR STAMP.jpg,https://postagestamps.gov.in/Uploads/2024\KARPOORI THAKUR STAMP FDC.jpg,https://postagestamps.gov.in/..\Pdf\2024\Brochure -KARPOORI THAKUR-3.pdf
3,Inclusive Elections - Election Commission of India,25.01.2024,500 p,"3,01,680","Security Printing Press, Hyderabad",https://postagestamps.gov.in/Uploads/2024\ECI.jpg,https://postagestamps.gov.in/Uploads/2024\FDC ECI.jpg,https://postagestamps.gov.in/..\Pdf\2024\Brochure -Election Commission.pdf
4,Bharat – The Mother of Democracy,25.01.2024,500 p (3),"1,43,334","Security Printing Press, Hyderabad",https://postagestamps.gov.in/Uploads/2024\MS for video BTMOD.jpg,https://postagestamps.gov.in/Uploads/2024\FDC Mother of Democracy.jpg,https://postagestamps.gov.in/..\Pdf\2024\Brochure -Mother of Democracy.pdf
5,The Bombay Sappers War Memorial,31.01.2024,500 p,"3,02,350","Security Printing Press, Hyderabad",https://postagestamps.gov.in/Uploads/2024\Bombay Sappers.jpg,https://postagestamps.gov.in/Uploads/2024\FDC Bombay Sappers.jpg,https://postagestamps.gov.in/..\Pdf\2024\Brochure - Bombay Sappers War Memorial FINAL.pdf
6,150th Birth Anniversary of Srila Bhaktisiddhanta Saraswati Prabhupad,08.02.2024,500 p,"2,01,600","Security Printing Press, Hyderabad",https://postagestamps.gov.in/Uploads/2024\Bhaktisidhanta Saraswati stamp final2(1).jpg,https://postagestamps.gov.in/Uploads/2024\FDC Bhaktisiddhanta cancelled big.jpg,https://postagestamps.gov.in/..\Pdf\2024\Brochure -Srila Bhaktisiddhanta Saraswati (2).pdf
7,125th Birth Anniversary Ram Chandra,14.02.2024,1000 p,"2,01,600","Security Printing Press, Hyderabad",https://postagestamps.gov.in/Uploads/2024\Ram Chander HD_page-0001 (1).jpg,https://postagestamps.gov.in/Uploads/2024\FDC Ram Chander HD_page-0001 (2).jpg,https://postagestamps.gov.in/..\Pdf\2024\Brochure -Ram chander (3).pdf
8,Cultural Heritage of Western Odisha,20.02.2024,500 p (6),"1,11,000","Security Printing Press, Hyderabad",https://postagestamps.gov.in/Uploads/2024\SAMBALPUR stamp.jpg,https://postagestamps.gov.in/Uploads/2024\SAMBALPUR FDC cancelled2.jpg,https://postagestamps.gov.in/..\Pdf\2024\Brochure -Cultural Heritage of Western Odisha (1).pdf
9,Legendary Poets of Odisha,20.02.2024,2000 p,"1,11,000","Security Printing Press, Hyderabad",https://postagestamps.gov.in/Uploads/2024\MS.jpg,https://postagestamps.gov.in/Uploads/2024\Legendary Poets of Odisha FDC.jpg,https://postagestamps.gov.in/..\Pdf\2024\Final Brochure artwork Legendary Poets of Odisha (2).pdf
10,Sarangadhar Das,23.02.2024,500 p,"2,01,600","Security Printing Press, Hyderabad",https://postagestamps.gov.in/Uploads/2024\Stamp Sarangdhar.jpg,https://postagestamps.gov.in/Uploads/2024\FDC Sarangdhar.jpg,https://postagestamps.gov.in/..\Pdf\2024\artwork brochure SRDS.pdf
11,Yakshagana,25.02.2024,500 p,"3,02,360","Security Printing Press, Hyderabad",https://postagestamps.gov.in/Uploads/2024\4.jpg,https://postagestamps.gov.in/Uploads/2024\Yakshagana First Day cover 13-02-24.jpg,https://postagestamps.gov.in/..\Pdf\2024\Yakshgana brochure (1) (1).pdf
12,Centenary Year All India Railwaymen's Federation,27.02.2024,500 p,"3,04,100","Security Printing Press, Hyderabad",https://postagestamps.gov.in/Uploads/2024\AIRF 13-02-24.jpg,https://postagestamps.gov.in/Uploads/2024\cancelled AIRF First Day cover.jpg,https://postagestamps.gov.in/..\Pdf\2024\Commemorative Postage Stamp Centenary Year All India Railwaymen’s Federation (4).pdf
13,Mahatma Hansraj,20.04.2024,500 p,"3,01,600","Security Printing Press, Hyderabad",https://postagestamps.gov.in/Uploads/2024\Mahatma Hansraj Stamp.jpg,https://postagestamps.gov.in/Uploads/2024\Mahatma Hansraj FDC.jpg,https://postagestamps.gov.in/..\Pdf\2024\Brochure - Hansraj (5).pdf
14,Bhagwan Mahaveer 2550th Nirvan Kalyanak,21.04.2024,500 p,"2,01,600","Security Printing Press, Hyderabad",https://postagestamps.gov.in/Uploads/2024\Mahaveer stamp.jpg,https://postagestamps.gov.in/Uploads/2024\Mahavir FDC cancelled.jpg,https://postagestamps.gov.in/..\Pdf\2024\Mahavir Broucher (3).pdf
15,Siddharoodha Swami,06.07.2024,500 p,"3,02,650","Security Printing Press, Hyderabad",https://postagestamps.gov.in/Uploads/2024\Stamp Siddharoodha Swami.jpg,https://postagestamps.gov.in/Uploads/2024\FDC Siddharoodha Swami cancelled.jpg,https://postagestamps.gov.in/..\Pdf\2024\Brochure-Siddharoodha Swami (3).pdf
16,100th Birth Anniversary of Mukesh,24.07.2024,3000 p,"1,11,000","Security Printing Press, Hyderabad",https://postagestamps.gov.in/Uploads/2024\Mukesh Stamp.jpg,https://postagestamps.gov.in/Uploads/2024\MUKESH FDC .jpg,https://postagestamps.gov.in/..\Pdf\2024\Brochure-Birth Anniversary of Mukesh (1).pdf
17,Wazir Mohd Hakla Poonchi,24.07.2024,500 p,"3,02,052","Security Printing Press, Hyderabad",https://postagestamps.gov.in/Uploads/2024\WAzir Stamp.jpg,https://postagestamps.gov.in/Uploads/2024\new wazir hakla cancelled FDC.jpg,https://postagestamps.gov.in/..\Pdf\2024\Brochure-Wazir Mohd Hakla Poonchi.pdf
18,Kargil Vijay Diwas Silver Jubilee 2024,26.07.2024,500 p,"3,04,000","Security Printing Press, Hyderabad",https://postagestamps.gov.in/Uploads/2024\Kargil stamp.jpg,https://postagestamps.gov.in/Uploads/2024\Kargil Vijay Diwas FDC- CDR.jpg,https://postagestamps.gov.in/..\Pdf\2024\Brochure-Kargil Vijay Diwas.pdf
19,XXXIII Olympics Paris 2024,05.08.2024,500 p (4),"1,11,000","Security Printing Press, Hyderabad",https://postagestamps.gov.in/Uploads/2024\Olympic Stamp.jpg,https://postagestamps.gov.in/Uploads/2024\Olympic FDC 30-7-24 Revised with stamp.jpg,https://postagestamps.gov.in/..\Pdf\2024\Brochure-Olympics Paris 2024 (4).pdf
20,Supreme Court of India – 75 Years,31.08.2024,1000 p,"2,11,000","Security Printing Press, Hyderabad",https://postagestamps.gov.in/Uploads/2024\Supreme Court Stamp.jpg,https://postagestamps.gov.in/Uploads/2024\Supreme Court FDC.jpg,https://postagestamps.gov.in/..\Pdf\2024\Brochure-Supreme Court of India (2).pdf
21,Diamond Jubilee of Rajbhasha,14.09.2024,500 p,"3,05,950","Security Printing Press, Hyderabad",https://postagestamps.gov.in/Uploads/2024\DIAMOND JUBILEE OF RAJBHASHA STAMP(1) (1).jpg,https://postagestamps.gov.in/Uploads/2024\RAJBHASHA FDC with cancellation_page-0001(1).jpg,https://postagestamps.gov.in/..\Pdf\2024\Brochure-RAJBHASHA.pdf
22,Joint stamp issue India-Romania | Folk Costumes | 75 Years of Diplomatic Relations,17.09.2024,5000 p (2),"1,13,700","Security Printing Press, Hyderabad",https://postagestamps.gov.in/Uploads/2024\Stamp India-Romania Miniature sheet.jpg,https://postagestamps.gov.in/Uploads/2024\FDC India-Romania.jpg,https://postagestamps.gov.in/..\Pdf\2024\Final Brochure-India-Romania (2).pdf
23,100th Birth Anniversary of Akkineni Nageswara Rao,20.09.2024,1000 p,"3,28,800","Security Printing Press, Hyderabad",https://postagestamps.gov.in/Uploads/2024\ANR Stamp Final.jpg,https://postagestamps.gov.in/Uploads/2024\ANR FDC.jpg,https://postagestamps.gov.in/..\Pdf\2024\Brochure-Akkineni Nageswara Rao (3).pdf
24,150th Anniversary of Universal Postal Union,09.10.2024,1500 p (3),"1,11,350","Security Printing Press, Hyderabad",https://postagestamps.gov.in/Uploads/2024\Stamp 150th Anniversary of Universal Postal Union.jpg,https://postagestamps.gov.in/Uploads/2024\FDC 150th Anniversary of Universal Postal Union.jpg,https://postagestamps.gov.in/..\Pdf\2024\Brochure-Universal Postal Union (1).pdf
25,200 Years of Kittur Vijayotsava,23.10.2024,500 p,"3,03,850","Security Printing Press, Hyderabad",https://postagestamps.gov.in/Uploads/2024\Final Stamp Kittur 17.jpg,https://postagestamps.gov.in/Uploads/2024\Kittur cancelled FDC.jpg,https://postagestamps.gov.in/..\Pdf\2024\Brochure-Kittur Vijayotsava (4).pdf
26,VadtalDham Dwishatabdi Mahotsav,09.11.2024,500 p,"3,05,400","Security Printing Press, Hyderabad",https://postagestamps.gov.in/Uploads/2024\vadtal jpg.jpg,https://postagestamps.gov.in/Uploads/2024\vadtal cancelled fdc.jpg,https://postagestamps.gov.in/..\Pdf\2024\Brochure-Vadtal Dham Dwishtabdi (2) (1).pdf
27,Acharya Shantisagar Muni Maharaj,10.11.2024,500 p,"3,03,450","Security Printing Press, Hyderabad",https://postagestamps.gov.in/Uploads/2024\Shantisagar-stamp.jpg,https://postagestamps.gov.in/Uploads/2024\Shantisagar-FDC.jpg,https://postagestamps.gov.in/..\Pdf\2024\Brochure-Shantisagar Muni Maharaj.pdf
28,100 Years of Hindustan Times,16.11.2024,500 p,"3,03,120","Security Printing Press, Hyderabad",https://postagestamps.gov.in/Uploads/2024\HT STAMP final.jpg,https://postagestamps.gov.in/Uploads/2024\HT Cancelled FDC.jpg,https://postagestamps.gov.in/..\Pdf\2024\Brochure-Hindustan Times (3).pdf
29,Sickle Cell Eradication – 2047,15.11.2024,500 p,"2,02,800","Security Printing Press, Hyderabad",https://postagestamps.gov.in/Uploads/2024\Sickle cell Stamp Final final.jpg,https://postagestamps.gov.in/Uploads/2024\FDC Sickle cell Final Cancelled.jpg,https://postagestamps.gov.in/..\Pdf\2024\Brochure-Sickle Cell Eradication - 2047 (4).pdf
30,150th Birth Anniversary of Birsa Munda,15.11.2024,500 p,"2,02,800","Security Printing Press, Hyderabad",https://postagestamps.gov.in/Uploads/2024\Birsa Munda Stamp.jpg,https://postagestamps.gov.in/Uploads/2024\Birsa Munda FDC.jpg,https://postagestamps.gov.in/..\Pdf\2024\Brochure-Birsa Munda.pdf
31,Pujya Dada Bhagwan,10.11.2024,500 p,"4,10,000","Security Printing Press, Hyderabad",https://postagestamps.gov.in/Uploads/2024\Dada Bhagwan.jpg,https://postagestamps.gov.in/Uploads/2024\FDC DESIGN f.jpg,https://postagestamps.gov.in/..\Pdf\2024\Brochure-Pujya Dada Bhagwan (5).pdf
32,125th Birth Anniversary of Dr. Harekrushna Mahtab,21.11.2024,500 p,"2,02,800","Security Printing Press, Hyderabad",https://postagestamps.gov.in/Uploads/2024\HAREKRUSHNA MAHTAB Stamp.jpg,https://postagestamps.gov.in/Uploads/2024\HAREKRUSHNA MAHTAB FDC.jpg,https://postagestamps.gov.in/..\Pdf\2024\Brochure-Dr. Harekrushna Mahtab (2) (2).pdf
33,International Year of Cooperatives,25.11.2024,500 p,"3,02,800","Security Printing Press, Hyderabad",https://postagestamps.gov.in/Uploads/2024\ICA STAMP FINAL.jpg,https://postagestamps.gov.in/Uploads/2024\ICA FDC.jpg,https://postagestamps.gov.in/..\Pdf\2024\Brochure International Year of Cooperatives.pdf
34,75TH  ANNIVERSARY OF CONSTITUTION,26.11.2024,500 p,"2,02,800","Security Printing Press, Hyderabad",https://postagestamps.gov.in/Uploads/2024\Constitution Stamp.jpg,https://postagestamps.gov.in/Uploads/2024\Constitution FDC.jpg,https://postagestamps.gov.in/..\Pdf\2024\Brochure-Constitution (2).pdf
